id,x_centroid,y_centroid,sharpness,roundness1,roundness2,n_pixels,peak,flux,mag,daofind_mag,ra,dec
1,89.31547757202743,0.6199571263770884,0.45730685300424734,0.18579265475273132,-0.07955946724778944,25,0.18394196033477783,1.0816080570220947,-0.08517478406429291,-0.015796278495347545,83.88299238590092,-69.27393978489808
2,202.98308439128027,0.6656767444834635,0.40458631245963655,0.17203405499458313,-0.01928306250723005,25,0.49789950251579285,2.9546444416046143,-1.1762630939483643,-1.2102892108132246,83.89290672000907,-69.28643469803008
3,232.9967515179337,0.5408106624225659,0.3639548224303689,0.017250126227736473,0.0731683339043551,25,0.197672501206398,1.157501220703125,-0.15880364179611206,-0.30653539764035187,83.8955689538651,-69.28972963101785
4,175.5550063620294,2.8856446530766435,0.46598025034868334,-0.607315719127655,-0.43741739456287876,25,0.2753963768482208,0.8444236516952515,0.18359902501106262,-0.5557162046108833,83.88982162153808,-69.28348852549837
5,286.78465708486726,4.834995202819179,0.4574269039578392,-0.27447745203971863,0.21085498024021132,25,0.36837443709373474,5.5680928230285645,-1.8642661571502686,-0.06193141863694035,83.89894049352824,-69.29577383973437
6,78.14066780489702,7.322636022581371,0.48375053579058,-0.11463669687509537,0.02601688094989156,25,0.9404577612876892,7.432088375091553,-2.177777051925659,-1.610369779499043,83.87993970270546,-69.27291811144026
7,137.18299374015686,8.403775483777276,0.5305348859526627,-0.35473209619522095,0.1171310721381484,25,0.5817467570304871,4.770288467407227,-1.6963615417480469,-1.011616364231544,83.8847591300745,-69.27944110325227
8,254.84235697541504,9.272023675570063,0.516070824283128,-0.3479039967060089,-0.23997197779685395,25,0.4075346291065216,2.28725266456604,-0.8982853889465332,-0.78115118468897,83.89477087819161,-69.29240001971657
9,25.83646965298854,10.269792045413547,0.4679125786600108,-0.39581298828125,-0.0954424639842623,25,0.6992216110229492,5.865840435028076,-1.920825481414795,-1.3007723366076758,83.8744628235693,-69.26725976273714
10,121.07618648072231,10.418112967358013,0.48219831019657416,0.05311957374215126,0.05578447288060207,25,27.325407028198242,224.7175750732422,-5.879092693328857,-5.2563463162464785,83.88272828025806,-69.27773282967993
11,46.471940040494246,11.112142639368363,0.48696280606722797,-0.07413226366043091,-0.15177403525700595,25,2.0520355701446533,17.23594856262207,-3.091087818145752,-2.4151446571185637,83.87600195243822,-69.26955395035303
12,204.3314923582109,11.036472017083181,0.4896860516986532,-0.37443116307258606,-0.11406551355341574,25,0.57235187292099,3.6416049003601074,-1.4032320976257324,-1.1690050096263462,83.88980866004472,-69.28690277477833
13,8.321141236069636,12.316824465469388,0.48299899909384175,-0.6781830191612244,-0.28176861317032015,25,0.25017479062080383,2.123061418533325,-0.817406415939331,-0.15994607616384093,83.87230096069113,-69.26539755035773
14,292.5253856964992,14.396828717909864,0.4594160736981978,-0.27996936440467834,-0.014927522756798754,25,11.480140686035156,124.26914978027344,-5.235908031463623,-4.140522513011139,83.89647631526276,-69.29669981929189
15,77.46704356647845,18.636927915158807,0.4927891859870071,-0.07441451400518417,-0.10251992959916333,25,0.36813560128211975,3.2872862815856934,-1.2920938730239868,-0.5048792577416519,83.87637443877612,-69.27319277372115
16,317.8646435824559,19.290547231421975,0.48782336575413715,-0.4037403464317322,0.09127593495090396,25,0.42165088653564453,2.8980753421783447,-1.1552741527557373,-0.7992410102577185,83.89717432941357,-69.2996357965384
17,33.99037860626838,20.879508837173255,0.4959296066936284,-0.0904829204082489,-0.07698611776602086,25,1.734991192817688,14.429561614990234,-2.898132801055908,-2.229815638931255,83.87188661884434,-69.26848293677216
18,21.37995202934838,22.218708491702692,0.49903282268433974,0.18529187142848969,-0.0905743384322155,25,0.6235892176628113,5.7337327003479,-1.8960936069488525,-1.0677711410642368,83.87037188932983,-69.26713804200834
19,67.18008817122193,22.354165174366027,0.47390951651774127,-0.19971726834774017,0.007472532529599453,25,0.9961184859275818,8.477356910705566,-2.320651054382324,-1.6538343346261872,83.87432484792669,-69.27217658841036
20,236.34621154352695,22.82338863698394,0.49888202487349914,-0.22410759329795837,-0.06266761868102229,25,10.850077629089355,86.65849304199219,-4.844527721405029,-4.250347938600699,83.88895096914963,-69.2907850811549
21,197.3134095390561,24.714298591380263,0.5244370848718255,-0.14903581142425537,0.14797935759585853,25,0.34379351139068604,2.5070788860321045,-0.9979199767112732,-0.5346019236623313,83.88495401807441,-69.28655317223195
22,271.6195583344595,24.611079778923312,0.48781903411505195,-0.4558643102645874,0.010123168212876591,25,0.2881873548030853,1.9335218667984009,-0.7158727049827576,-0.390327895659237,83.89147967056259,-69.29471716088996
23,323.36100848552974,25.099192214666054,0.7619882355791687,0.03038640506565571,0.8952871548847848,25,1.486555814743042,11.534326553344727,-2.6549806594848633,-1.7414098133866567,83.89585281717665,-69.30041910519897
24,90.44049805361291,27.834494151128084,0.5028470233729417,-0.5671937465667725,-0.28960841657683606,25,0.30412060022354126,2.2716009616851807,-0.8908300995826721,-0.3908315022455964,83.87465585440346,-69.27490222598546
25,186.91563922564342,32.67588646952321,0.49984424799397076,0.01265893504023552,0.07702828212058592,25,0.2224712371826172,1.0550180673599243,-0.05814974009990692,-0.1801701556076743,83.88157695476588,-69.28565574985981
26,215.24510391890695,32.294778293261395,0.5160795230604441,-0.13496644794940948,0.325335798471282,25,0.32161232829093933,3.3139121532440186,-1.3008524179458618,-0.2672829237402981,83.88416970245441,-69.28875783863451
27,171.3530288718003,35.99350023618938,0.4906312480483957,-0.15285229682922363,-0.13561401076124063,25,3.581860303878784,28.62982177734375,-3.6420466899871826,-3.048198813181282,83.8791891843536,-69.28404742518529
28,118.03374167646224,36.8477015614977,0.5172017089858866,-0.19030992686748505,-0.14734478711398216,25,0.3114583492279053,2.5170624256134033,-1.002234935760498,-0.35027424615991515,83.87426991297589,-69.27821298573161
29,299.50788733608863,37.04708445876284,0.4770604588434628,-0.3679967522621155,-0.025007498626406385,25,0.24399039149284363,1.2136366367340088,-0.21022169291973114,-0.3340733447005111,83.89005980301661,-69.29816595684636
30,230.5891813320778,39.17950497039204,0.4981069151653706,0.097188301384449,-0.12973183732189314,25,195.35585021972656,1630.6868896484375,-8.030926704406738,-7.359288382533257,83.88337495256486,-69.29065663421284
31,191.10212046210074,40.05968171627751,0.478742525738456,-0.13560402393341064,-0.08382506460623412,25,0.569466233253479,4.046666622161865,-1.5177435874938965,-1.1485044923325385,83.87965287711356,-69.28634351275663
32,213.7880559420382,42.432974166534386,0.45173466760329745,0.11295593529939651,0.07332972973964857,25,0.3412137031555176,3.6997084617614746,-1.4204187393188477,-0.35182860080178674,83.88089821105535,-69.28891022439527
33,63.461174222157254,43.41065830192377,0.48758815433403224,-0.5231258273124695,-0.004969853856255294,25,1.0995831489562988,9.965815544128418,-2.4962821006774902,-1.7002735132049742,83.86747472356176,-69.2724164864101
34,124.61515696656573,46.1771614219872,0.47326747514511613,-0.4179264307022095,-0.06512046574563497,25,0.23618954420089722,2.2978744506835938,-0.9033157825469971,-0.010315447015278822,83.8719520754313,-69.27922386429444
35,95.91466039658367,47.31574524918589,0.49935014552015106,-0.1107913926243782,-0.19235945026860082,25,0.5232613682746887,5.134466171264648,-1.776238203048706,-0.8346191199642362,83.86909505275143,-69.27610414105544
36,144.5586380890302,48.3833702929448,0.5018531856993457,-0.032201312482357025,-0.16329877624179007,25,0.4440609812736511,3.521496534347534,-1.3668180704116821,-0.7852282626596956,83.87300853755028,-69.2814840326454
37,84.69242070595125,48.657311963644105,0.5012382698158775,0.21769265830516815,-0.012344128005537787,25,22.327491760253906,180.4063720703125,-5.640629768371582,-5.01783386526271,83.86770031113517,-69.27491188825343
38,266.17411416118387,52.24540558412794,0.4792461091364455,-0.038668110966682434,0.04241927885516385,25,0.5540482997894287,4.292059898376465,-1.5816643238067627,-1.0592500017838355,83.88243115073875,-69.29497075785225
39,298.21157191379973,56.48760218883566,0.46860744444851354,-0.31867051124572754,0.04293113566401463,25,0.36693498492240906,2.785142183303833,-1.1121184825897217,-0.6325131210811965,83.88391475657846,-69.29862293704272
40,22.460430883866906,60.37313913006171,0.4952205172991516,-0.5556138157844543,-0.03130982065662933,25,0.3467817008495331,3.250525712966919,-1.2798839807510376,-0.4026264568273513,83.85864355656564,-69.26843179655472
41,198.52674200429826,62.08051960670407,0.45993721405350263,-0.47763463854789734,0.07389811546826185,25,0.22475630044937134,1.8046541213989258,-0.6409848928451538,-0.07589641954157923,83.87347209606725,-69.28783823209986
42,144.45956642751332,65.72048688005718,0.48194597135194905,-0.39430177211761475,-0.1190249449368162,25,0.8382564187049866,7.2280473709106445,-2.147552490234375,-1.4495115018660607,83.8676244982409,-69.28200722742808
43,228.46524866048213,65.81017794999387,0.47824008851532884,-0.30716177821159363,-0.05685924301633304,25,1.5999237298965454,15.401176452636719,-2.9688847064971924,-2.0768094880846273,83.8749293905135,-69.29124398003482
44,0.6268031587776017,72.98974225801565,0.5083165639306192,-0.07353686541318893,-0.325291878840564,25,0.302242636680603,2.191856861114502,-0.8520304560661316,-0.40851506242416347,83.852831673443,-69.26641998704653
45,64.70697447632999,72.47416780537614,0.5671745918688673,-0.0906037837266922,-0.07884336835299754,25,0.3245619833469391,2.5421509742736816,-1.0130033493041992,-0.33388830960929117,83.8585755320348,-69.27344837840928
46,166.07600479914703,72.52350823762852,0.4897608586079529,-0.1585177481174469,0.06268557755143361,25,1.3445202112197876,11.489180564880371,-2.6507225036621094,-1.951994311357025,83.86740119322464,-69.28459290806343
47,80.300622485625,75.98562574704158,0.4859784067103838,-0.3707597255706787,-0.09767300427902417,25,0.9412732124328613,8.361586570739746,-2.3057217597961426,-1.5506941643742402,83.8588464916174,-69.27527064736522
48,207.80141268493682,76.4192785461548,0.4821172238118693,-0.3145034909248352,0.06470861216214875,25,1.3516863584518433,11.66733455657959,-2.667429208755493,-1.9571507104703252,83.86983463362085,-69.28929946366415
49,142.54265744042783,76.43478029268205,0.4953934025276598,-0.5206103324890137,-0.03210091816045185,25,6.254514217376709,56.140296936035156,-4.373187065124512,-3.580339912907113,83.86413516590353,-69.28212649159798
50,186.249833372976,78.07358994908385,0.49740813590213545,0.021452713757753372,-0.03271327380443366,25,78.22886657714844,613.6761474609375,-6.969848155975342,-6.407864068977457,83.86744051490179,-69.28698142119029
51,32.15594473573429,80.15907574617442,0.5224103553143481,-0.14634783565998077,-0.07687253125949656,25,0.33799758553504944,2.4850404262542725,-0.9883337020874023,-0.5241221963582261,83.85335690636118,-69.270106627713
52,171.94449186184866,81.96353420658421,0.4832374163765111,0.13381299376487732,-0.011306434789106805,25,0.2535082995891571,2.5283689498901367,-1.007101058959961,-0.016312844968953927,83.86498586019654,-69.28552873160355
53,322.6617490406637,82.49859298990168,0.4298739180296798,-0.4096430540084839,0.2672954772990711,25,0.22576004266738892,1.9471551179885864,-0.7235013842582703,-0.10204829815216421,83.87798024290093,-69.30211219147994
54,70.39371161285841,84.88092165551417,0.4888387453433126,-0.35117247700691223,-0.09214165725293108,25,0.8779072761535645,7.252412796020508,-2.1512062549591064,-1.5123065344818818,83.85522562996628,-69.27445541431806
55,278.09227518512995,86.26181456471767,0.4929006727562823,0.07619024813175201,0.08294012453113149,25,2.93973445892334,23.92626190185547,-3.4471871852874756,-2.824753072275013,83.8729188235264,-69.2973291285094
56,130.0843920593596,91.82546079220197,0.4932320330681455,-0.3188018500804901,-0.030120047072904648,25,0.6565367579460144,4.952496528625488,-1.7370604276657104,-1.2365228646100326,83.85827650696838,-69.2812308753533
57,262.81055035167816,92.12159072333068,0.4826076008145718,0.26516199111938477,-0.12491393607487872,25,0.35000497102737427,2.8329498767852783,-1.1305972337722778,-0.5346376788887066,83.86976622420953,-69.29582987283924
58,26.917406361451366,93.69204420359105,0.46871423616439056,-0.13034364581108093,-0.002403487431570589,25,0.3690789043903351,3.398420810699463,-1.328192949295044,-0.5392166619758515,83.84870651506458,-69.2699471763414
59,66.06885202469907,93.98709483101501,0.47859333291832756,-0.3756828010082245,-0.13566832694061828,25,0.7624068260192871,5.684529781341553,-1.886736273765564,-1.4238643564486952,83.85202608756413,-69.2742602342996
60,139.18277584017088,98.30844898094853,0.5210133340488428,-0.09275226294994354,-0.3154264550836782,25,0.26658153533935547,2.2363648414611816,-0.8738566040992737,-0.16899451871887808,83.8570597023561,-69.28243060854444
61,167.04402171723837,99.74092664572744,0.4974343182323338,-0.3262130618095398,0.004620878099106942,25,0.3197992742061615,2.212909698486328,-0.862409234046936,-0.46594759853386025,83.85904528350542,-69.2855374277967
62,72.80024407004264,102.15159268945646,0.5032839811818757,-0.5259303450584412,-0.1349871385243995,25,0.6317129135131836,4.57838249206543,-1.651780128479004,-1.1975516513145157,83.85008182733712,-69.27525145717111
63,237.8877209935837,106.05759174988555,0.4954269869051336,-0.1610109508037567,-0.007792397619382735,25,0.5662404298782349,4.029088020324707,-1.5130168199539185,-1.0810469142557493,83.86326701982928,-69.29351948645665
64,299.55542903746607,112.10294990762654,0.49234793693084516,-0.19566753506660461,-0.1628911362605244,25,0.37242040038108826,2.902268171310425,-1.1568437814712524,-0.6227349004822228,83.86677476924471,-69.30048443171547
65,240.51679690679217,117.63272957592447,0.47634398714491455,0.06405460089445114,-0.03691285543370768,25,1.2757936716079712,11.74370288848877,-2.6745126247406006,-1.85271343988735,83.85990542102819,-69.29416489106914
66,281.19991709364865,118.32535913417856,0.4605360047359983,-0.04972163215279579,-0.4088136717288272,25,1.4371891021728516,15.505380630493164,-2.976205825805664,-1.8712346794158796,83.86324127481178,-69.29865834521988
67,95.80574043194027,118.68376466973666,0.5159772164055042,-0.3151635527610779,-0.30865676985581597,25,0.2769457995891571,2.761439085006714,-1.1028386354446411,-0.03746577945422533,83.84696121372103,-69.27828915110507
68,320.8778621892648,119.18509440434362,0.4624861378638037,-0.5136693120002747,-0.11462232033476354,25,0.5728594064712524,4.886905670166016,-1.7225849628448486,-1.0492370185568751,83.86643886748435,-69.30304638919485
69,143.4621139798154,122.3839923449724,0.4826526228600015,0.11798989027738571,-0.052782127712789596,25,0.5913630127906799,5.170825958251953,-1.7838997840881348,-1.0739296192985046,83.84996712019912,-69.28364197955767
70,37.0122746171292,122.4569598710731,0.48489991866178356,0.05463843420147896,0.11815275591692583,25,1.5093566179275513,14.03403091430664,-2.8679561614990234,-2.0386068593269266,83.84067047962245,-69.27194175790083
71,130.68807293088827,122.95383571539006,0.5055917137989306,-0.23848947882652283,-0.14778917540524142,25,0.7653379440307617,6.136013984680176,-1.9697158336639404,-1.3476692120512994,83.84867700109011,-69.28225523585667
72,208.03749015409048,123.45257146112705,0.484510256674406,-0.45696285367012024,0.07610856152712592,25,0.5675269365310669,6.516781806945801,-2.0350828170776367,-0.7821441966013858,83.85526640397306,-69.29077366167684
73,293.884496657907,123.61100561437122,0.44252392756251013,-0.2125190794467926,0.11898375099066812,25,0.27249759435653687,2.3808164596557617,-0.9418147802352905,-0.29726766509310865,83.86270839468467,-69.30021545918994
74,163.05129070011742,132.85707061772393,0.4861915555233184,-0.17379197478294373,-0.0006171160335775251,25,1.0588769912719727,8.486114501953125,-2.321772336959839,-1.7298871659443629,83.84842671843299,-69.28611769567637
75,323.7506355341496,132.41486704529757,0.7399824275602227,0.6800355315208435,0.7603427029110706,25,0.7205997705459595,3.2057039737701416,-1.2648084163665771,-1.2188330109171799,83.86258360225912,-69.30376959397304
76,153.11933465458256,135.76066880936716,0.48888349489218696,-0.19015856087207794,0.05374758195246387,25,0.28094664216041565,1.7909866571426392,-0.6327308416366577,-0.39299973308065217,83.84666049288792,-69.28511517575316
77,201.4392681998108,136.0664721181438,0.49853278829182995,0.01952998712658882,0.026452045312556755,25,0.30524736642837524,2.187894582748413,-0.8500659465789795,-0.4261876315788376,83.85077809773651,-69.2904365092534
78,252.65172690621569,136.44917271751365,0.45780215965891147,-0.6009044051170349,0.030250516945765405,25,0.2561160922050476,2.4705660343170166,-0.981991171836853,-0.12231083845702274,83.8551262194337,-69.29607808418598
79,35.099602397972255,137.6554510469584,0.48493075825988463,-0.09963870048522949,0.03944309710089703,25,1.968887448310852,16.666608810424805,-3.0546183586120605,-2.3755042805502677,83.83579305856051,-69.27219881271407
80,214.2402940354467,141.8632812235326,0.49251233691756646,-0.06478340923786163,-0.0034110151317154223,25,2.1652638912200928,18.09608268737793,-3.1439614295959473,-2.4697906937708747,83.85009610217045,-69.29202211456371
81,101.26831352825477,142.4889609304475,0.4761447992188927,-0.2698405683040619,0.04663216645845377,25,4.437134265899658,40.33637619018555,-4.014242172241211,-3.2256858066136482,83.84005630818322,-69.27962187601706
82,126.77067657657457,144.92336615642975,0.4903302484950323,-0.004503422882407904,-0.03420355757110809,25,4.098711013793945,33.76081466674805,-3.8210322856903076,-3.178401089391713,83.84152298077615,-69.2825003783812
83,90.38283873823288,146.31540269182673,0.48871084539751464,0.1926308423280716,-0.0019478658137727642,25,20.888164520263672,176.05535888671875,-5.614123344421387,-4.938289206394323,83.83792183025469,-69.27854281879607
84,178.5775382950988,146.51072772714963,0.37359313221456425,-0.36112943291664124,-0.07234218876136647,25,0.16104839742183685,0.8643019795417786,0.15833623707294464,-0.08652681277319943,83.84554525107363,-69.28824458867815
85,159.92696951215666,148.9917003214703,0.4988142813530019,-0.07406341284513474,0.01215501830921026,25,1.6717329025268555,12.760557174682617,-2.764674186706543,-2.237469936523089,83.84315026083627,-69.28627055954686
86,34.79299359086992,152.99574922544053,0.47604932765886326,-0.06270346790552139,0.08034196547231022,25,0.25201109051704407,1.4987246990203857,-0.4393046796321869,-0.31793305968391755,83.83101133637146,-69.27263666129295
87,277.5684233312505,154.98179239401836,0.4909656828361729,-0.1176532581448555,-0.15435052580334258,25,1.5449929237365723,13.328328132629395,-2.811939239501953,-2.090059755021116,83.85154925025951,-69.29938752709468
88,8.385543250446528,156.33174755996188,0.4861851298657093,-0.01550564169883728,-0.04952232771921982,25,0.9682554006576538,8.281042098999023,-2.295212507247925,-1.5902165581384176,83.82767950379207,-69.26983589367487
89,105.1774684745869,158.02161646049973,0.4983527091854379,-0.20596428215503693,0.08007711040073114,25,0.3146781325340271,2.1706409454345703,-0.8414700031280518,-0.46317932968306175,83.83558050079559,-69.2805292331266
90,86.94131953671014,163.87572830555774,0.4361784334163681,0.1811283528804779,-0.25684349609731155,25,0.5018714666366577,5.067311763763428,-1.761944055557251,-0.8550805139318565,83.83217747437803,-69.27870431278973
91,300.44033419733216,164.132820668721,0.44793702194717266,-0.5711377263069153,-0.17536975764175738,25,0.62148118019104,5.688952445983887,-1.8875807523727417,-1.1357145185083917,83.8507046329842,-69.3021834530035
92,316.8564167551311,165.3263784656681,0.5020720227332829,-0.1183086484670639,0.07705527846412946,25,2.5602025985717773,20.310302734375,-3.2692909240722656,-2.6777257780735164,83.8517665224976,-69.30402481839695
93,14.585113462519871,165.65839098110914,0.5123258602695735,-0.32410165667533875,-0.009619915239571748,25,0.5356234908103943,4.489821434020996,-1.6305726766586304,-0.9286798126966453,83.8253280461868,-69.27080408007262
94,191.50586847062226,167.40681145505937,0.4782450898714175,0.5421437621116638,0.8694657959467398,25,1.0131957530975342,15.46681022644043,-2.9735019207000732,-1.0078344121951717,83.84019009384635,-69.29030856342078
95,170.43003318241668,167.54900166273796,0.502494285013238,-0.22212350368499756,0.16900812664093678,25,0.4733658730983734,3.6825854778289795,-1.4153820276260376,-0.8481059115114958,83.83830952429328,-69.2879959189166
96,179.5672364295386,170.13512181442178,0.5076183350014831,-0.11345609277486801,-0.226748992953995,25,0.39595577120780945,2.9747400283813477,-1.1836225986480713,-0.6467060713989228,83.83830343783798,-69.28907996059415
97,280.7582347639875,170.06826725295377,0.5171417183276157,0.052954331040382385,0.09002336045609861,25,0.3350127637386322,3.2095420360565186,-1.2661076784133911,-0.320235988904182,83.84714556932492,-69.30020237479812
98,90.80263523201535,173.28055231841043,0.46831173310765256,-0.3556746244430542,-0.058390112492511324,25,0.2258167564868927,1.8042426109313965,-0.6407373547554016,-0.07320035766362655,83.82959747104088,-69.27941789073347
99,4.840383517788816,174.27639044023476,0.4319649231434742,-0.18313808739185333,-0.053367912746500906,25,0.32038041949272156,3.4506545066833496,-1.344753623008728,-0.30342467668657463,83.82180924483656,-69.26999745900213
100,300.9990388102303,174.29799228058883,0.49194345108642773,-0.30745577812194824,-0.08003006601068013,25,0.6938342452049255,6.095154762268066,-1.9624617099761963,-1.2253333549747483,83.84759834228042,-69.30255763409143
101,321.76252856001344,178.33433252183272,0.40974209770876474,-0.2088419497013092,-0.1275340803745643,25,0.2546350359916687,2.0339181423187256,-0.7708336114883423,-0.32961247002614313,83.84815684467718,-69.30496440261803
102,263.0252499368141,180.20580136031185,0.49450416960750226,-0.26356837153434753,-0.010335698596462427,25,1.2218189239501953,10.065940856933594,-2.5071358680725098,-1.8662417415789938,83.8424530776603,-69.29856474327498
103,41.45007997551886,182.31395266601302,0.48696238194455493,-0.4097966253757477,-0.08637993213070098,25,0.6265648007392883,4.906737327575684,-1.7269819974899292,-1.1528201014027744,83.82250208657264,-69.27426944994652
104,164.43787024935267,182.0907644699168,0.5009209460334485,0.063993901014328,-0.09210866317678382,25,0.505626380443573,4.236126899719238,-1.5674223899841309,-0.8901316167588847,83.83327684468145,-69.28778421979209
105,80.06508849126114,183.99576381241934,0.4923442487617365,-0.17581254243850708,0.004571626986266514,25,1.072910189628601,8.143675804138184,-2.2770512104034424,-1.7618243574190486,83.82534043164306,-69.27856664112971
106,100.7468996111106,184.9976430505453,0.48235155682129083,-0.28450605273246765,-0.06525047319879812,25,1.022949457168579,8.287740707397461,-2.2960903644561768,-1.69136532376186,83.82682972687206,-69.28087126159829
107,307.971042158805,184.43350878939907,0.3477629595270562,0.2739483416080475,-0.03155024243209934,25,0.19909228384494781,1.9142976999282837,-0.7050237059593201,-0.05880287208469592,83.8450605223469,-69.303635888973
108,195.9119019179811,186.06067999761103,0.49584252170392695,-0.10169738531112671,0.004143568508325428,25,1.567084789276123,13.07402229309082,-2.791023015975952,-2.12249070830537,83.83478705657578,-69.29136650583648
109,160.34790077300934,189.55242021616044,0.4340834269717045,-0.3506720960140228,0.024672808241223955,25,0.24059611558914185,1.8083349466323853,-0.643197238445282,-0.24314142999765098,83.83060610256364,-69.28756391519542
110,250.61932294146573,192.4344322152013,0.49843305627459444,-0.3196771442890167,0.010587729531590068,25,1.9588251113891602,16.419511795043945,-3.038400650024414,-2.3607086098527046,83.83757669628645,-69.29757692604637
111,134.96428681940702,194.65339797237135,0.4923511095256564,-0.36744728684425354,-0.1906355558758511,25,0.2815285921096802,1.9388136863708496,-0.7188402414321899,-0.35060677453315514,83.82681373832689,-69.28492993882391
112,218.32838536031215,195.18634002712588,0.5299928442014531,-0.5245679020881653,-0.21028277425434558,25,0.2540528476238251,1.7552475929260254,-0.6108459830284119,-0.2002500040576127,83.83390877885772,-69.29411150085542
113,186.2251715387696,199.48160107759907,0.4793329050911244,0.09985660016536713,0.03310403271481765,25,0.2707788050174713,2.187476396560669,-0.8498584628105164,-0.25548823437681123,83.82977958055241,-69.29071406947749
114,264.035303100836,200.1570349840856,0.4826492613537339,-0.3617866039276123,0.005028212596748743,25,0.43635544180870056,2.9959022998809814,-1.1913191080093384,-0.8580805442371955,83.8363494418025,-69.2992892957553
115,12.850746369323462,201.50786845343976,0.45647528015994154,-0.46248379349708557,0.07284694151111083,25,0.3823178708553314,3.1880767345428467,-1.258821964263916,-0.626638401024207,83.81406484545907,-69.2717145162914
116,103.80517705556592,202.21264988081063,0.4551456414613103,0.09303933382034302,-0.12232311850396936,25,0.2662743330001831,2.4333839416503906,-0.9655266404151917,-0.2297143122183642,83.82175733504765,-69.28173640722049
117,197.027702678388,202.76731548956857,0.46204922629340234,0.019636495038866997,-0.00902298527425316,25,0.5960979461669922,5.093418121337891,-1.7675232887268066,-1.1141431571706748,83.82970106231184,-69.29200270088494
118,219.72324246663504,204.97394820906734,0.49285035065257315,-0.13713717460632324,-0.07060387977488797,25,1.9967318773269653,16.35822296142578,-3.0343403816223145,-2.402160726971359,83.83099335158468,-69.29456570415891
119,63.39597857274606,208.26923439380053,0.4862893692205504,-0.08404255658388138,-0.10265730028507876,25,0.2745949327945709,1.904926061630249,-0.6996952891349792,-0.32127026394896574,83.81636382523486,-69.27747954781361
120,307.34457709454585,213.4149255504758,0.4170787136487751,0.06504178792238235,-0.08227595358249286,25,0.22202187776565552,1.7947341203689575,-0.6350003480911255,-0.11259223056418322,83.83600968735757,-69.30445826912336
121,47.14075641576705,214.6821936853124,0.5481250234821339,-0.28627440333366394,-0.23551995725792735,25,0.2190757840871811,1.4213522672653198,-0.3817543089389801,-0.006208335564874214,83.81296186576178,-69.27588921191258
122,323.8698923956164,216.7935891825587,0.9026392657325437,0.4039444625377655,0.795858955426872,25,0.66182941198349,2.346479892730713,-0.9260421395301819,-1.0069603846160455,83.83640159408888,-69.30637891589033
123,23.247571629288203,218.5903797178489,0.46363683838851244,-0.32811439037323,0.06029966631628957,25,0.3833487033843994,2.8416054248809814,-1.1339094638824463,-0.707182335864182,83.8096730228553,-69.27338211022241
124,299.77638569513226,221.13141865443458,0.47868027911608646,-0.41312503814697266,-0.04999514582318961,25,1.1438827514648438,9.714312553405762,-2.4685301780700684,-1.801886234621852,83.83295457432084,-69.30386344384816
125,146.75153180164733,223.86441794577198,0.49904902124192085,0.06922907382249832,-0.0248569119365322,25,45.88903045654297,364.0310974121094,-6.402845859527588,-5.817234072893251,83.81877902707718,-69.28712327704923
126,207.63450938855854,224.91747385910068,0.48167242812546085,-0.2431020736694336,-0.07757694228192137,25,0.1995079666376114,1.3710789680480957,-0.3426561951637268,-0.03999376451228369,83.82375218396608,-69.29384947503699
127,253.15909875122696,225.41019492967536,0.4986065435285881,-0.025690605863928795,0.07427275327091301,25,1.016674518585205,9.489022254943848,-2.443053722381592,-1.5712171360031588,83.82756428619953,-69.29886976766883
128,312.24679439080523,225.52611262226935,0.49925549968233357,-0.26668456196784973,0.012452640118497258,25,0.6749100685119629,5.902767658233643,-1.9276392459869385,-1.164266380753566,83.83267730962332,-69.30536953193803
129,47.83750274697708,231.5435527330039,0.47027990599477887,0.09930235892534256,0.25393740374723617,25,0.33652836084365845,2.3884811401367188,-0.9453045725822449,-0.5721976026299526,83.80779446200398,-69.27648343922402
130,222.02051871853178,236.0541170878938,0.5322072124146185,-0.2550945580005646,0.06910090458128575,25,0.3034742772579193,2.591658592224121,-1.0339444875717163,-0.291673434109163,83.821549071077,-69.29577327471806
131,187.97221250829077,236.5093971334276,0.4937099554335357,-0.050297800451517105,0.18036987401013654,25,1.4765053987503052,12.825509071350098,-2.77018666267395,-2.0411229966373567,83.81844364522458,-69.29204375658284
132,281.32791069878255,238.54569073889746,0.5101884896423113,-0.26723557710647583,0.046704271510376406,25,200.3836212158203,1674.1541748046875,-8.059488296508789,-7.358678047429613,83.82594127467645,-69.30237036782661
133,209.4755611866062,242.02109294434877,0.45899414736251337,-0.47309964895248413,-0.02302320676948818,25,0.436102032661438,3.9413559436798096,-1.4891141653060913,-0.7335195674779789,83.81860523107036,-69.29457727821021
134,229.65838967907186,246.19895999601607,0.491367972778706,0.3766786754131317,-0.12032616938059612,25,0.3912431597709656,5.790196895599365,-1.9067333936691284,-0.15588520584926235,83.81906582869127,-69.29692464495119
135,273.08223717238695,245.69436414574176,0.4523369079310343,-0.6442406177520752,0.0912744034216562,25,11.093643188476562,217.1261444091797,-5.841780185699463,-3.060759754947091,83.82300397560762,-69.30168343509351
136,202.08585368918364,246.5672110576554,0.5187829475320757,-0.29500359296798706,0.16662599716638288,25,0.380939245223999,2.777560234069824,-1.1091587543487549,-0.6215621903766593,83.81655130102409,-69.29390441221065
137,258.349407004322,246.52803508950538,0.49498008394342785,-0.6171820759773254,0.3755504834347208,25,15.390854835510254,268.3399963378906,-6.071713447570801,-3.7434061753057,83.8214620283304,-69.30008923441954
138,90.14632342094632,248.4896336397584,0.5087599482975681,-0.06192070618271828,0.10643643584301375,25,4.555380821228027,37.2830696105957,-3.928779125213623,-3.2633176863881768,83.80621741914246,-69.28165555273415
139,126.51552007080274,249.14109415463227,0.4377612888144334,-0.2547352612018585,-0.18640813780538695,25,0.25181958079338074,1.5016895532608032,-0.44145041704177856,-0.3653881605051189,83.80917779556387,-69.28567445040724
140,35.047344270485354,250.99937380721002,0.5046419034628676,0.01817178912460804,0.054938212554399755,25,0.31035760045051575,1.911333441734314,-0.7033411264419556,-0.47053901371331974,83.80065037751692,-69.27567415124265
141,253.06008173402518,254.96170350133204,0.48416628839538467,0.6894742846488953,0.8101702137266423,25,16.828536987304688,303.66485595703125,-6.205986022949219,-3.7598913802212355,83.81838375978239,-69.29976673506664
142,56.67210231032548,257.5163504412322,0.4825512948812074,0.09134069085121155,0.07958677083782473,25,0.30885857343673706,2.219860076904297,-0.8658140301704407,-0.4295861728784329,83.80050857446201,-69.27825188258385
143,215.96969927432545,259.4932967782768,0.5031678011298664,-0.22269684076309204,0.05805834759291382,25,0.8057411313056946,7.4172563552856445,-2.1756081581115723,-1.3270887057410437,83.81374851484578,-69.2958278524535
144,36.55407365719417,260.19476553541614,0.49904933907100063,-0.45215705037117004,-0.08631164511344191,25,0.4278654456138611,3.382051706314087,-1.3229506015777588,-0.7040564483323672,83.79793008319348,-69.27612192937747
145,136.61142942369497,260.0938382547081,0.4862937643139844,-0.46802935004234314,-0.12373105989096635,25,0.6353868246078491,4.879131317138672,-1.7208563089370728,-1.207281927545643,83.80665818483459,-69.28712070943558
146,19.758190348032265,263.2661884157543,0.47980896510306076,-0.28406617045402527,-0.06746806445608365,25,0.4171687066555023,3.276959180831909,-1.2886775732040405,-0.7389018864253525,83.79551878690344,-69.27436929228948
147,218.92428675962051,266.778164366708,0.49208341008210454,-0.23394162952899933,0.31462274678952923,25,1.249253749847412,14.803128242492676,-2.9258837699890137,-1.6063619365129895,83.81174487620275,-69.29637637611421
148,255.33893090778648,268.62459322016844,0.4333333266010784,0.9503054022789001,-0.09998601297323019,25,27.340734481811523,514.3179321289062,-6.778079032897949,-4.254763628760559,83.81434133200077,-69.3004368680966
149,171.20439275564536,269.5497058627749,0.4755363722236388,-0.2839362323284149,0.045673827497550945,25,0.32876574993133545,2.055159091949463,-0.7821136116981506,-0.5954048427683122,83.80673310012605,-69.29121454511224
150,202.2097000552551,269.9668245037273,0.49594855297515,-0.42261096835136414,-0.18450998242007574,25,0.3611532747745514,3.723871946334839,-1.4274868965148926,-0.4143675693206348,83.80930089914699,-69.29463646921349
151,238.74882513254448,270.31560962471434,0.48194968244271486,0.20487983524799347,0.03224001175868949,25,1.3865400552749634,18.424516677856445,-3.1634902954101562,-1.611778911370361,83.81237235551627,-69.29866470455441
152,264.34728187004407,270.64377284268875,0.5090510792840733,-0.3052143454551697,-0.011905709390871329,25,39.513248443603516,599.1347045898438,-6.943811416625977,-5.071689457412816,83.81449881029872,-69.3014893330014
153,105.91061826977835,272.3976071324715,0.4864415993339156,-0.2473524659872055,0.07829057640230319,25,0.8377688527107239,6.849647521972656,-2.089170455932617,-1.4656581729774558,83.80017241202764,-69.28412255155104
154,33.36068351875568,273.09939879170844,0.47560337372841166,-0.04558301344513893,-0.171753458012507,25,0.26291289925575256,2.171050548553467,-0.8416748046875,-0.23116750386024681,83.79365126896303,-69.27616660355748
155,312.4616562341169,274.509774168332,0.5209967449667973,0.3242519795894623,-0.13211001732490762,25,0.49111875891685486,3.8536739349365234,-1.464687466621399,-0.849813333012272,83.8174883306524,-69.30689816970913
156,132.67019957874476,276.853971672587,0.48294687444200257,-0.6568447351455688,-0.2755756531460494,25,1.571998953819275,15.209293365478516,-2.9552724361419678,-2.0672972290153604,83.80111612359987,-69.28720166828094
157,64.09452739772273,277.8411827504142,0.48270501791914683,-0.2535068392753601,0.10491180250271623,25,0.2380048632621765,1.109090805053711,-0.11241775751113892,-0.3206768469173783,83.79485044037514,-69.27969151782766
158,221.76837941164024,277.4768503493732,0.4899514303168999,0.25338760018348694,0.09340042020492377,25,160.61094665527344,1368.349609375,-7.8404927253723145,-7.139296733252608,83.80867202272202,-69.29701751940017
159,303.29439838826323,283.579798035145,0.4801353996226744,0.6050347089767456,0.1888353199322737,25,1.6992478370666504,18.361644744873047,-3.1597790718078613,-2.0531620944203297,83.81387389376057,-69.30616876161446
160,36.27272454017445,286.1440558488904,0.49844087806903187,-0.3813183903694153,-0.12806286978234507,25,0.3163869082927704,2.2626326084136963,-0.886535108089447,-0.4532788344221108,83.78985917297214,-69.2768868311062
161,195.64646062948722,288.8575913508224,0.43976984268028496,-0.29101553559303284,-0.020960080520930853,25,0.36889567971229553,3.5520262718200684,-1.376190423965454,-0.5530350537410536,83.80286767410082,-69.29449458925741
162,269.87626485655346,290.5789829541101,0.5408825317331003,0.24171704053878784,0.12049177461279297,25,29.13577651977539,223.03736877441406,-5.870944023132324,-5.279608061616534,83.80879168979884,-69.30270927639125
163,2.403169094257854,291.59152667792137,0.42719224304908265,-0.04245229437947273,0.050462814927891356,25,1.5102896690368652,13.080633163452148,-2.791571855545044,-2.1636340092731583,83.78522959606771,-69.2733294362526
164,53.01517876236787,293.7528065317637,0.5104792311415312,0.18407981097698212,-0.040668325765537486,25,0.301967978477478,2.188920259475708,-0.8505748510360718,-0.4219443667246783,83.78895349445341,-69.27896115928348
165,234.6347904184155,293.75603180348253,0.48554455717298334,-0.1706046611070633,0.025558388554310217,25,0.32320505380630493,3.210268974304199,-1.2663536071777344,-0.29058564633956047,83.80473884816244,-69.29893186534893
166,287.77250848946045,293.8413372572315,0.5298575505096746,-0.2545900046825409,-0.09357658412126453,25,0.2877351939678192,1.984546422958374,-0.7441532015800476,-0.29801946378543026,83.80933659446974,-69.30477715075884
167,92.98474723380434,295.55029545356734,0.5029996132500787,0.06015489622950554,0.15487533574295065,25,3.1302099227905273,26.120210647583008,-3.5424418449401855,-2.862367397541503,83.79186759259082,-69.28341139546981
168,246.9499437997578,302.04709057366165,0.4504196214333094,-0.4877087473869324,-0.10018320357687815,25,0.21043556928634644,1.313842535018921,-0.29635828733444214,-0.15571450728813852,83.80323669093579,-69.30054040411348
169,14.460878775050425,303.4234906348649,0.46999083419054843,0.22735363245010376,0.020825619598176966,25,0.5490935444831848,5.225677490234375,-1.7953565120697021,-0.9410935196841328,83.78260746457543,-69.27501802445288
170,61.71636310262332,307.90637777005816,0.47991378020945885,-0.3861243426799774,-0.143464479484913,25,0.23857316374778748,1.8772175312042236,-0.6837865114212036,-0.10020022687990499,83.78531947058293,-69.28035187479288
171,193.94696619680298,309.07375202923464,0.48072268183673594,0.025276971980929375,0.11706227005623505,25,0.469501793384552,3.6890265941619873,-1.4172793626785278,-0.8641832239647422,83.79644606736667,-69.2949279356472
172,126.32995158760482,313.2197160729915,0.4852619645158969,0.031221088021993637,-0.01521983755161398,25,1.4620996713638306,12.614997863769531,-2.752218008041382,-2.040753024760844,83.78928305814382,-69.28761988498745
173,107.33683255731812,314.25156594620637,0.5243805710139325,-0.18674877285957336,0.20697394960206456,25,0.19853593409061432,1.1520841121673584,-0.1537104696035385,-0.010722258202116926,83.78731306419179,-69.28556298545318
174,201.35918991848652,314.72753295934444,0.4983599591540455,-0.41127851605415344,0.07745369342412048,25,0.3240651488304138,2.446486473083496,-0.9713571071624756,-0.43872975199387765,83.79533582831051,-69.29591639151705
175,248.3627500832389,315.1470653363236,0.4865253456559641,-0.2176232784986496,-0.11737704029505959,25,0.4469354450702667,3.3730080127716064,-1.3200435638427734,-0.8171965009792519,83.79929306673604,-69.3010976866353
176,140.37239703054342,320.46799888855475,0.5233116216292082,0.19723409414291382,0.05294657354929901,25,0.30158481001853943,2.509316921234131,-0.9988887310028076,-0.3215113367931239,83.78825414744891,-69.28938625805128
177,174.51234985451546,320.0839929817123,0.46994152985143517,-0.09668666869401932,-0.1456696977089258,25,1.6831157207489014,15.270276069641113,-2.9596171379089355,-2.168678609099219,83.79133984045227,-69.29312857995231
178,79.19237900492634,324.13036544945254,0.34360607024630524,0.08016303926706314,0.11189002220817588,25,0.28468266129493713,2.1942977905273438,-0.8532389402389526,-0.5811102414780412,83.7818045698254,-69.28277089967706
179,235.6048489166253,324.4444737177221,0.4371749644717454,0.32548776268959045,-0.11814808443406964,25,0.18340809643268585,1.0257594585418701,-0.027613826096057892,-0.044597600215593176,83.79529739109994,-69.29998004956694
180,262.5139306861104,324.01829494673257,0.3910353203502937,-0.26479417085647583,-0.20420399399921169,25,0.39187151193618774,2.9939560890197754,-1.1906136274337769,-0.8292865862638945,83.797769935498,-69.3029258611255
181,40.664050315670366,324.57861777237457,0.7373003000435105,0.13872916996479034,-0.5580068658691262,25,3.5563771724700928,18.133968353271484,-3.1462321281433105,-2.9197154404147336,83.7783212221413,-69.27854779712519
